-- MySQL dump 10.13  Distrib 8.0.21, for Win64 (x86_64)
--
-- Host: localhost    Database: ecommerce
-- ------------------------------------------------------
-- Server version	8.0.21

/*!40101 SET @OLD_CHARACTER_SET_CLIENT=@@CHARACTER_SET_CLIENT */;
/*!40101 SET @OLD_CHARACTER_SET_RESULTS=@@CHARACTER_SET_RESULTS */;
/*!40101 SET @OLD_COLLATION_CONNECTION=@@COLLATION_CONNECTION */;
/*!50503 SET NAMES utf8 */;
/*!40103 SET @OLD_TIME_ZONE=@@TIME_ZONE */;
/*!40103 SET TIME_ZONE='+00:00' */;
/*!40014 SET @OLD_UNIQUE_CHECKS=@@UNIQUE_CHECKS, UNIQUE_CHECKS=0 */;
/*!40014 SET @OLD_FOREIGN_KEY_CHECKS=@@FOREIGN_KEY_CHECKS, FOREIGN_KEY_CHECKS=0 */;
/*!40101 SET @OLD_SQL_MODE=@@SQL_MODE, SQL_MODE='NO_AUTO_VALUE_ON_ZERO' */;
/*!40111 SET @OLD_SQL_NOTES=@@SQL_NOTES, SQL_NOTES=0 */;

--
-- Table structure for table `address`
--

DROP TABLE IF EXISTS `address`;
/*!40101 SET @saved_cs_client     = @@character_set_client */;
/*!50503 SET character_set_client = utf8mb4 */;
CREATE TABLE `address` (
  `ID` int NOT NULL AUTO_INCREMENT,
  `ADDRESS1` varchar(45) DEFAULT NULL,
  `ADDRESS2` varchar(45) DEFAULT NULL,
  `CITY` varchar(45) DEFAULT NULL,
  `STATE` varchar(100) DEFAULT NULL,
  `ZIP_CODE` varchar(100) NOT NULL,
  `PHONE_NUMBER` varchar(12) DEFAULT NULL,
  `USER_ID` int DEFAULT NULL,
  PRIMARY KEY (`ID`)
) ENGINE=InnoDB AUTO_INCREMENT=5 DEFAULT CHARSET=utf8mb4 COLLATE=utf8mb4_0900_ai_ci;
/*!40101 SET character_set_client = @saved_cs_client */;

--
-- Dumping data for table `address`
--

LOCK TABLES `address` WRITE;
/*!40000 ALTER TABLE `address` DISABLE KEYS */;
INSERT INTO `address` VALUES (2,'new address',NULL,'Madurai','Tamil Nadu','70503','98765433210',6),(3,'80 main road','kabalishwar kovil','Chennai','Tamil Nadu','79000','8239982',6),(4,'check',NULL,'Coimbatore','Tamil Nadu','79502','87324647888',6);
/*!40000 ALTER TABLE `address` ENABLE KEYS */;
UNLOCK TABLES;

--
-- Table structure for table `cart`
--

DROP TABLE IF EXISTS `cart`;
/*!40101 SET @saved_cs_client     = @@character_set_client */;
/*!50503 SET character_set_client = utf8mb4 */;
CREATE TABLE `cart` (
  `ID` int NOT NULL AUTO_INCREMENT,
  `PRODUCT_ID` int NOT NULL,
  `PRODUCT_NAME` varchar(45) NOT NULL,
  `PRICE` double DEFAULT NULL,
  `QUANTITY` int NOT NULL,
  `USER_ID` int NOT NULL,
  `DESCRIPTION` text,
  `CREATED_DATE` text,
  `EXTERNAL_SHOP` int DEFAULT '0',
  `LOCATION` varchar(45) DEFAULT NULL,
  PRIMARY KEY (`ID`)
) ENGINE=InnoDB AUTO_INCREMENT=42 DEFAULT CHARSET=utf8mb4 COLLATE=utf8mb4_0900_ai_ci;
/*!40101 SET character_set_client = @saved_cs_client */;

--
-- Dumping data for table `cart`
--

LOCK TABLES `cart` WRITE;
/*!40000 ALTER TABLE `cart` DISABLE KEYS */;
INSERT INTO `cart` VALUES (15,4,'Mutton Chukka',800,1,2,NULL,NULL,0,NULL),(16,7,'Chicken Legs',50,1,5,NULL,NULL,0,NULL);
/*!40000 ALTER TABLE `cart` ENABLE KEYS */;
UNLOCK TABLES;

--
-- Table structure for table `main_category`
--

DROP TABLE IF EXISTS `main_category`;
/*!40101 SET @saved_cs_client     = @@character_set_client */;
/*!50503 SET character_set_client = utf8mb4 */;
CREATE TABLE `main_category` (
  `ID` int NOT NULL AUTO_INCREMENT,
  `MAIN_CATEGORY` varchar(45) NOT NULL,
  PRIMARY KEY (`ID`)
) ENGINE=InnoDB AUTO_INCREMENT=3 DEFAULT CHARSET=utf8mb4 COLLATE=utf8mb4_0900_ai_ci;
/*!40101 SET character_set_client = @saved_cs_client */;

--
-- Dumping data for table `main_category`
--

LOCK TABLES `main_category` WRITE;
/*!40000 ALTER TABLE `main_category` DISABLE KEYS */;
INSERT INTO `main_category` VALUES (1,'Seafood'),(2,'Condiment');
/*!40000 ALTER TABLE `main_category` ENABLE KEYS */;
UNLOCK TABLES;

--
-- Table structure for table `mini_category`
--

DROP TABLE IF EXISTS `mini_category`;
/*!40101 SET @saved_cs_client     = @@character_set_client */;
/*!50503 SET character_set_client = utf8mb4 */;
CREATE TABLE `mini_category` (
  `ID` int NOT NULL AUTO_INCREMENT,
  `MINI_CATEGORY` varchar(45) NOT NULL,
  `SUB_CATEGORY_ID` int NOT NULL,
  PRIMARY KEY (`ID`)
) ENGINE=InnoDB AUTO_INCREMENT=3 DEFAULT CHARSET=utf8mb4 COLLATE=utf8mb4_0900_ai_ci;
/*!40101 SET character_set_client = @saved_cs_client */;

--
-- Dumping data for table `mini_category`
--

LOCK TABLES `mini_category` WRITE;
/*!40000 ALTER TABLE `mini_category` DISABLE KEYS */;
INSERT INTO `mini_category` VALUES (1,'Anchovies',1);
/*!40000 ALTER TABLE `mini_category` ENABLE KEYS */;
UNLOCK TABLES;

--
-- Table structure for table `order_details`
--

DROP TABLE IF EXISTS `order_details`;
/*!40101 SET @saved_cs_client     = @@character_set_client */;
/*!50503 SET character_set_client = utf8mb4 */;
CREATE TABLE `order_details` (
  `ID` int NOT NULL AUTO_INCREMENT,
  `ORDER_ID` int NOT NULL DEFAULT '0',
  `PRODUCT_ID` int NOT NULL DEFAULT '0',
  `PRODUCT_NAME` varchar(255) DEFAULT NULL,
  `QUANTITY` int NOT NULL DEFAULT '0',
  `PRICE` double NOT NULL DEFAULT '0',
  `WEIGHT` varchar(100) DEFAULT NULL,
  PRIMARY KEY (`ID`)
) ENGINE=InnoDB AUTO_INCREMENT=19 DEFAULT CHARSET=utf8mb4 COLLATE=utf8mb4_0900_ai_ci;
/*!40101 SET character_set_client = @saved_cs_client */;

--
-- Dumping data for table `order_details`
--

LOCK TABLES `order_details` WRITE;
/*!40000 ALTER TABLE `order_details` DISABLE KEYS */;
INSERT INTO `order_details` VALUES (1,1,7,'Chicken Legs',1,50,NULL),(2,1,7,'Chicken Legs',1,50,NULL),(3,1,20005,'Ikan Bilis Mata Biru',3,240,NULL),(4,2,20005,'Ikan Bilis Mata Biru',3,240,NULL),(5,2,20021,'Fennel Seeds',3,13.5,NULL),(6,4,20005,'Ikan Bilis Mata Biru',3,240,NULL),(7,3,20005,'Ikan Bilis Mata Biru',3,240,NULL),(8,4,20021,'Fennel Seeds',3,13.5,NULL),(9,5,20009,'Ikan Bilis Mata Biru',2,70,NULL),(10,6,20029,'Star Anise',1,35,NULL),(11,7,20005,'Ikan Bilis Mata Biru',1,80,NULL),(12,8,2,'Chicken DrumStick',1,75,NULL),(13,8,20009,'Ikan Bilis Mata Biru',1,35,NULL),(14,8,20043,'Fenugreek Seeds',1,1.1,NULL),(15,9,20007,'Ikan Bilis Mata Biru',1,22,NULL),(16,10,20009,'Ikan Bilis Mata Biru',1,35,NULL),(17,11,20011,'Ikan Bilis Mata Biru',1,60,NULL),(18,12,20097,'Candlenut',1,2.8,NULL);
/*!40000 ALTER TABLE `order_details` ENABLE KEYS */;
UNLOCK TABLES;

--
-- Table structure for table `order_file`
--

DROP TABLE IF EXISTS `order_file`;
/*!40101 SET @saved_cs_client     = @@character_set_client */;
/*!50503 SET character_set_client = utf8mb4 */;
CREATE TABLE `order_file` (
  `ID` int NOT NULL AUTO_INCREMENT,
  `ORDER_ID` int DEFAULT NULL,
  `PAYMENT_FILE` varchar(250) DEFAULT NULL,
  PRIMARY KEY (`ID`)
) ENGINE=InnoDB DEFAULT CHARSET=utf8mb4 COLLATE=utf8mb4_0900_ai_ci;
/*!40101 SET character_set_client = @saved_cs_client */;

--
-- Dumping data for table `order_file`
--

LOCK TABLES `order_file` WRITE;
/*!40000 ALTER TABLE `order_file` DISABLE KEYS */;
/*!40000 ALTER TABLE `order_file` ENABLE KEYS */;
UNLOCK TABLES;

--
-- Table structure for table `order_master`
--

DROP TABLE IF EXISTS `order_master`;
/*!40101 SET @saved_cs_client     = @@character_set_client */;
/*!50503 SET character_set_client = utf8mb4 */;
CREATE TABLE `order_master` (
  `ID` int NOT NULL AUTO_INCREMENT,
  `USER_ID` int NOT NULL DEFAULT '0',
  `CUSTOMER_NAME` varchar(255) DEFAULT NULL,
  `ADDRESS` varchar(255) DEFAULT NULL,
  `CITY` varchar(255) DEFAULT NULL,
  `STATE` varchar(255) DEFAULT NULL,
  `COUNTRY` varchar(255) DEFAULT NULL,
  `PHONE_NUMBER` varchar(255) DEFAULT NULL,
  `EMAIL` varchar(255) DEFAULT NULL,
  `ORDERED_DATE` varchar(100) DEFAULT NULL,
  `ORDER_STATUS` varchar(100) DEFAULT NULL,
  `PAYMENT_METHOD` varchar(100) DEFAULT NULL,
  `ZIP_CODE` varchar(10) DEFAULT NULL,
  `TOTAL_PRICE` double DEFAULT NULL,
  PRIMARY KEY (`ID`)
) ENGINE=InnoDB AUTO_INCREMENT=14 DEFAULT CHARSET=utf8mb4 COLLATE=utf8mb4_0900_ai_ci;
/*!40101 SET character_set_client = @saved_cs_client */;

--
-- Dumping data for table `order_master`
--

LOCK TABLES `order_master` WRITE;
/*!40000 ALTER TABLE `order_master` DISABLE KEYS */;
INSERT INTO `order_master` VALUES (1,4,'Lakshmanan','west cat street','kola lampur','Malaysia','Malaysia',NULL,NULL,'2020-09-20','Delivered',NULL,'234343',340),(2,4,'Lax','17 west car street','kula lampur','Malaysia','Malaysia',NULL,NULL,'2020-09-20','Delivered','Pay By Cash','987387',253.5),(3,4,'Prem','B4 Ram Garden','Medavakkam','TamilNadu',NULL,NULL,NULL,'2020-09-27','Pending',NULL,'79000',0),(4,4,'Prem','B4 Ram Garden','Medavakkam','TamilNadu',NULL,NULL,NULL,'2020-09-27','Cancel Order',NULL,'79000',253.5),(5,4,'Vishnu','test address','Chennai','Tamilnadu',NULL,NULL,NULL,'2020-09-27','Payment Received',NULL,'600100',70),(6,6,'iyii','uiiii','uiui','iouiui',NULL,NULL,NULL,'2020-09-27','Pending','Direct Payment','79000',35),(7,6,'Ashok','Ram garden ','Chennai','TamilNadu',NULL,NULL,NULL,'2020-09-27','Cancel Order','Direct Payment','79100',80),(8,6,'Lakshmanan','763','Medavakkam','TamilNadu',NULL,NULL,NULL,'2020-10-05','Pending','Direct Payment','79000',111.1),(9,6,'Lakshmanan','17 west car street','Tirunelveli','Tamilnadu',NULL,NULL,NULL,'2020-10-11','Pending','Direct Payment','79000',22),(10,6,NULL,'76 vela kinaru road null','Coimbatore','Tamil Nadu','Malaysia','38274898',NULL,'2020-10-26','Pending','Direct Payment','79000',35),(11,6,NULL,'80 main road kabalishwar kovil','Chennai','Tamil Nadu','Malaysia','8239982',NULL,'2020-10-26','Pending','Direct Payment','79000',60),(12,6,NULL,'76 vela kinaru road null','Coimbatore','Tamil Nadu','Malaysia','38274898',NULL,'2020-10-26','Pending','Direct Payment','79000',2.8),(13,6,NULL,'76 vela kinaru road null','Coimbatore','Tamil Nadu','Malaysia','38274898',NULL,'2020-11-01','Pending','Direct Payment','79000',0);
/*!40000 ALTER TABLE `order_master` ENABLE KEYS */;
UNLOCK TABLES;

--
-- Table structure for table `pincode`
--

DROP TABLE IF EXISTS `pincode`;
/*!40101 SET @saved_cs_client     = @@character_set_client */;
/*!50503 SET character_set_client = utf8mb4 */;
CREATE TABLE `pincode` (
  `ID` int NOT NULL AUTO_INCREMENT,
  `PIN_CODE` varchar(45) NOT NULL,
  PRIMARY KEY (`ID`)
) ENGINE=InnoDB AUTO_INCREMENT=25574 DEFAULT CHARSET=utf8mb4 COLLATE=utf8mb4_0900_ai_ci;
/*!40101 SET character_set_client = @saved_cs_client */;

--
-- Dumping data for table `pincode`
--

LOCK TABLES `pincode` WRITE;
/*!40000 ALTER TABLE `pincode` DISABLE KEYS */;
INSERT INTO `pincode` VALUES (20061,'79000'),(20063,'79100'),(20065,'79150'),(20067,'79200'),(20069,'79250'),(20071,'79502'),(20073,'79503'),(20075,'79504'),(20077,'79505'),(20079,'79511'),(20081,'79513'),(20083,'79514'),(20085,'79517'),(20087,'79518'),(20089,'79520'),(20091,'79521'),(20093,'79523'),(20095,'79532'),(20097,'79538'),(20099,'79540'),(20101,'79546'),(20103,'79548'),(20105,'79550'),(20107,'79552'),(20109,'79555'),(20111,'79570'),(20113,'79575'),(20115,'79576'),(20117,'79592'),(20119,'79601'),(20121,'79603'),(20123,'79605'),(20125,'79606'),(20127,'79612'),(20129,'79626'),(20131,'79630'),(20133,'79632'),(20135,'79646'),(20137,'79658'),(20139,'79660'),(20141,'79680'),(20143,'79681'),(20145,'79683'),(20147,'80000'),(20149,'80050'),(20151,'80100'),(20153,'80150'),(20155,'80200'),(20157,'80250'),(20159,'80300'),(20161,'80350'),(20163,'80400'),(20165,'80500'),(20167,'80506'),(20169,'80508'),(20171,'80516'),(20173,'80519'),(20175,'80534'),(20177,'80536'),(20179,'80542'),(20181,'80546'),(20183,'80558'),(20185,'80560'),(20187,'80564'),(20189,'80568'),(20191,'80578'),(20193,'80584'),(20195,'80586'),(20197,'80590'),(20199,'80592'),(20201,'80594'),(20203,'80596'),(20205,'80600'),(20207,'80604'),(20209,'80608'),(20211,'80620'),(20213,'80622'),(20215,'80628'),(20217,'80644'),(20219,'80648'),(20221,'80662'),(20223,'80664'),(20225,'80668'),(20227,'80670'),(20229,'80672'),(20231,'80673'),(20233,'80676'),(20235,'80700'),(20237,'80710'),(20239,'80720'),(20241,'80730'),(20243,'80900'),(20245,'80902'),(20247,'80904'),(20249,'80906'),(20251,'80908'),(20253,'80988'),(20255,'80990'),(20257,'81000'),(20259,'81100'),(20261,'81200'),(20263,'81300'),(20265,'81310'),(20267,'81400'),(20269,'81440'),(20271,'81450'),(20273,'81500'),(20275,'81550'),(20277,'81600'),(20279,'81700'),(20281,'81750'),(20283,'81800'),(20285,'81850'),(20287,'81900'),(20289,'81920'),(20291,'81930'),(20293,'82000'),(20295,'82100'),(20297,'82200'),(20299,'82300'),(20301,'83000'),(20303,'83100'),(20305,'83200'),(20307,'83300'),(20309,'83400'),(20311,'83500'),(20313,'83600'),(20315,'83700'),(20317,'84000'),(20319,'84150'),(20321,'84200'),(20323,'84300'),(20325,'84400'),(20327,'84500'),(20329,'84600'),(20331,'84700'),(20333,'84800'),(20335,'84900'),(20337,'85000'),(20339,'85100'),(20341,'85200'),(20343,'85300'),(20345,'85400'),(20347,'86000'),(20349,'86100'),(20351,'86200'),(20353,'86300'),(20355,'86400'),(20357,'86500'),(20359,'86600'),(20361,'86700'),(20363,'86800'),(20365,'86810'),(20367,'86900'),(20369,'5000'),(20371,'5050'),(20373,'5100'),(20375,'5150'),(20377,'5200'),(20379,'5250'),(20381,'5300'),(20383,'5350'),(20385,'5400'),(20387,'5460'),(20389,'5500'),(20391,'5502'),(20393,'5503'),(20395,'5504'),(20397,'5505'),(20399,'5506'),(20401,'5508'),(20403,'5512'),(20405,'5514'),(20407,'5516'),(20409,'5517'),(20411,'5518'),(20413,'5520'),(20415,'5532'),(20417,'5534'),(20419,'5536'),(20421,'5538'),(20423,'5550'),(20425,'5551'),(20427,'5552'),(20429,'5556'),(20431,'5558'),(20433,'5560'),(20435,'5564'),(20437,'5576'),(20439,'5578'),(20441,'5580'),(20443,'5582'),(20445,'5586'),(20447,'5590'),(20449,'5592'),(20451,'5594'),(20453,'5600'),(20455,'5604'),(20457,'5610'),(20459,'5612'),(20461,'5614'),(20463,'5620'),(20465,'5621'),(20467,'5622'),(20469,'5626'),(20471,'5628'),(20473,'5630'),(20475,'5632'),(20477,'5644'),(20479,'5660'),(20481,'5661'),(20483,'5664'),(20485,'5670'),(20487,'5672'),(20489,'5673'),(20491,'5674'),(20493,'5675'),(20495,'5676'),(20497,'5680'),(20499,'5690'),(20501,'5696'),(20503,'5700'),(20505,'5710'),(20507,'5720'),(20509,'5990'),(20511,'6000'),(20513,'6007'),(20515,'6009'),(20517,'6010'),(20519,'6050'),(20521,'6100'),(20523,'6150'),(20525,'6200'),(20527,'6207'),(20529,'6209'),(20531,'6250'),(20533,'6300'),(20535,'6350'),(20537,'6400'),(20539,'6500'),(20541,'6507'),(20543,'6509'),(20545,'6550'),(20547,'6570'),(20549,'6600'),(20551,'6650'),(20553,'6660'),(20555,'6700'),(20557,'6707'),(20559,'6709'),(20561,'6710'),(20563,'6720'),(20565,'6750'),(20567,'6800'),(20569,'6900'),(20571,'6910'),(20573,'7000'),(20575,'7007'),(20577,'7009'),(20579,'8000'),(20581,'8007'),(20583,'8009'),(20585,'8010'),(20587,'8100'),(20589,'8110'),(20591,'8200'),(20593,'8210'),(20595,'8300'),(20597,'8320'),(20599,'8330'),(20601,'8340'),(20603,'8400'),(20605,'8407'),(20607,'8409'),(20609,'8500'),(20611,'8507'),(20613,'8509'),(20615,'8600'),(20617,'8700'),(20619,'8800'),(20621,'9000'),(20623,'9007'),(20625,'9009'),(20627,'9010'),(20629,'9020'),(20631,'9100'),(20633,'9110'),(20635,'9200'),(20637,'9300'),(20639,'9310'),(20641,'9400'),(20643,'9410'),(20645,'9600'),(20647,'9700'),(20649,'9800'),(20651,'9810'),(20653,'14290'),(20655,'14390'),(20657,'34950'),(20659,'15000'),(20661,'15050'),(20663,'15100'),(20665,'15150'),(20667,'15159'),(20669,'15200'),(20671,'15300'),(20673,'15350'),(20675,'15400'),(20677,'15500'),(20679,'15502'),(20681,'15503'),(20683,'15504'),(20685,'15505'),(20687,'15506'),(20689,'15508'),(20691,'15512'),(20693,'15514'),(20695,'15516'),(20697,'15517'),(20699,'15518'),(20701,'15519'),(20703,'15520'),(20705,'15524'),(20707,'15529'),(20709,'15532'),(20711,'15534'),(20713,'15536'),(20715,'15538'),(20717,'15540'),(20719,'15546'),(20721,'15548'),(20723,'15550'),(20725,'15551'),(20727,'15556'),(20729,'15558'),(20731,'15560'),(20733,'15564'),(20735,'15570'),(20737,'15572'),(20739,'15576'),(20741,'15578'),(20743,'15582'),(20745,'15586'),(20747,'15590'),(20749,'15592'),(20751,'15594'),(20753,'15596'),(20755,'15600'),(20757,'15604'),(20759,'15608'),(20761,'15609'),(20763,'15612'),(20765,'15614'),(20767,'15616'),(20769,'15622'),(20771,'15623'),(20773,'15626'),(20775,'15628'),(20777,'15630'),(20779,'15632'),(20781,'15634'),(20783,'15644'),(20785,'15646'),(20787,'15648'),(20789,'15658'),(20791,'15660'),(20793,'15661'),(20795,'15664'),(20797,'15670'),(20799,'15672'),(20801,'15673'),(20803,'15674'),(20805,'15676'),(20807,'15680'),(20809,'15690'),(20811,'15710'),(20813,'15720'),(20815,'15730'),(20817,'15740'),(20819,'15988'),(20821,'15990'),(20823,'16010'),(20825,'16020'),(20827,'16030'),(20829,'16040'),(20831,'16050'),(20833,'16060'),(20835,'16070'),(20837,'16080'),(20839,'16090'),(20841,'16100'),(20843,'16109'),(20845,'16150'),(20847,'16200'),(20849,'16210'),(20851,'16250'),(20853,'16300'),(20855,'16310'),(20857,'16320'),(20859,'16400'),(20861,'16450'),(20863,'16500'),(20865,'16600'),(20867,'16700'),(20869,'16800'),(20871,'16810'),(20873,'17000'),(20875,'17007'),(20877,'17009'),(20879,'17010'),(20881,'17020'),(20883,'17030'),(20885,'17040'),(20887,'17050'),(20889,'17060'),(20891,'17070'),(20893,'17200'),(20895,'17500'),(20897,'17507'),(20899,'17509'),(20901,'17510'),(20903,'17600'),(20905,'17610'),(20907,'17700'),(20909,'18000'),(20911,'18050'),(20913,'18200'),(20915,'18300'),(20917,'18400'),(20919,'18500'),(20921,'50000'),(20923,'50050'),(20925,'50088'),(20927,'50100'),(20929,'50150'),(20931,'50200'),(20933,'50250'),(20935,'50300'),(20937,'50350'),(20939,'50400'),(20941,'50450'),(20943,'50460'),(20945,'50470'),(20947,'50480'),(20949,'50490'),(20951,'50500'),(20953,'50502'),(20955,'50504'),(20957,'50505'),(20959,'50506'),(20961,'50507'),(20963,'50508'),(20965,'50512'),(20967,'50514'),(20969,'50515'),(20971,'50519'),(20973,'50528'),(20975,'50529'),(20977,'50530'),(20979,'50532'),(20981,'50534'),(20983,'50536'),(20985,'50540'),(20987,'50544'),(20989,'50546'),(20991,'50548'),(20993,'50550'),(20995,'50551'),(20997,'50552'),(20999,'50554'),(21001,'50556'),(21003,'50560'),(21005,'50562'),(21007,'50564'),(21009,'50566'),(21011,'50568'),(21013,'50572'),(21015,'50576'),(21017,'50578'),(21019,'50580'),(21021,'50582'),(21023,'50586'),(21025,'50588'),(21027,'50590'),(21029,'50592'),(21031,'50594'),(21033,'50596'),(21035,'50598'),(21037,'50599'),(21039,'50600'),(21041,'50603'),(21043,'50604'),(21045,'50605'),(21047,'50608'),(21049,'50609'),(21051,'50610'),(21053,'50612'),(21055,'50614'),(21057,'50620'),(21059,'50621'),(21061,'50622'),(21063,'50623'),(21065,'50626'),(21067,'50632'),(21069,'50634'),(21071,'50636'),(21073,'50638'),(21075,'50640'),(21077,'50642'),(21079,'50644'),(21081,'50646'),(21083,'50648'),(21085,'50650'),(21087,'50652'),(21089,'50653'),(21091,'50656'),(21093,'50658'),(21095,'50660'),(21097,'50661'),(21099,'50662'),(21101,'50664'),(21103,'50666'),(21105,'50668'),(21107,'50670'),(21109,'50672'),(21111,'50673'),(21113,'50676'),(21115,'50677'),(21117,'50678'),(21119,'50680'),(21121,'50682'),(21123,'50684'),(21125,'50688'),(21127,'50694'),(21129,'50700'),(21131,'50702'),(21133,'50704'),(21135,'50706'),(21137,'50708'),(21139,'50710'),(21141,'50712'),(21143,'50714'),(21145,'50716'),(21147,'50718'),(21149,'50720'),(21151,'50722'),(21153,'50724'),(21155,'50726'),(21157,'50728'),(21159,'50730'),(21161,'50732'),(21163,'50734'),(21165,'50736'),(21167,'50738'),(21169,'50740'),(21171,'50742'),(21173,'50744'),(21175,'50746'),(21177,'50748'),(21179,'50750'),(21181,'50752'),(21183,'50754'),(21185,'50758'),(21187,'50760'),(21189,'50762'),(21191,'50764'),(21193,'50766'),(21195,'50768'),(21197,'50770'),(21199,'50772'),(21201,'50774'),(21203,'50776'),(21205,'50778'),(21207,'50780'),(21209,'50782'),(21211,'50784'),(21213,'50786'),(21215,'50788'),(21217,'50790'),(21219,'50792'),(21221,'50794'),(21223,'50796'),(21225,'50798'),(21227,'50800'),(21229,'50802'),(21231,'50804'),(21233,'50806'),(21235,'50808'),(21237,'50810'),(21239,'50812'),(21241,'50814'),(21243,'50816'),(21245,'50818'),(21247,'50901'),(21249,'50902'),(21251,'50903'),(21253,'50904'),(21255,'50906'),(21257,'50907'),(21259,'50908'),(21261,'50909'),(21263,'50910'),(21265,'50911'),(21267,'50912'),(21269,'50913'),(21271,'50914'),(21273,'50915'),(21275,'50916'),(21277,'50917'),(21279,'50918'),(21281,'50919'),(21283,'50920'),(21285,'50921'),(21287,'50922'),(21289,'50923'),(21291,'50924'),(21293,'50925'),(21295,'50926'),(21297,'50927'),(21299,'50928'),(21301,'50929'),(21303,'50930'),(21305,'50931'),(21307,'50932'),(21309,'50933'),(21311,'50934'),(21313,'50935'),(21315,'50936'),(21317,'50937'),(21319,'50938'),(21321,'50939'),(21323,'50940'),(21325,'50941'),(21327,'50942'),(21329,'50943'),(21331,'50944'),(21333,'50945'),(21335,'50946'),(21337,'50947'),(21339,'50948'),(21341,'50949'),(21343,'50950'),(21345,'50988'),(21347,'50989'),(21349,'50990'),(21351,'51000'),(21353,'51100'),(21355,'51200'),(21357,'51700'),(21359,'51990'),(21361,'52000'),(21363,'52100'),(21365,'52200'),(21367,'53000'),(21369,'53100'),(21371,'53200'),(21373,'53300'),(21375,'53700'),(21377,'53800'),(21379,'53990'),(21381,'54000'),(21383,'54100'),(21385,'54200'),(21387,'55000'),(21389,'55100'),(21391,'55200'),(21393,'55300'),(21395,'55700'),(21397,'55710'),(21399,'55720'),(21401,'55900'),(21403,'55902'),(21405,'55904'),(21407,'55906'),(21409,'55908'),(21411,'55910'),(21413,'55912'),(21415,'55914'),(21417,'55916'),(21419,'55918'),(21421,'55920'),(21423,'55922'),(21425,'55924'),(21427,'55926'),(21429,'55928'),(21431,'55930'),(21433,'55932'),(21435,'55934'),(21437,'55990'),(21439,'56000'),(21441,'56100'),(21443,'57000'),(21445,'57100'),(21447,'57700'),(21449,'57990'),(21451,'58000'),(21453,'58100'),(21455,'58200'),(21457,'58700'),(21459,'58990'),(21461,'59000'),(21463,'59100'),(21465,'59200'),(21467,'59700'),(21469,'59800'),(21471,'59990'),(21473,'60000'),(21475,'68100'),(21477,'87000'),(21479,'87010'),(21481,'87011'),(21483,'87012'),(21485,'87013'),(21487,'87014'),(21489,'87015'),(21491,'87016'),(21493,'87017'),(21495,'87018'),(21497,'87019'),(21499,'87020'),(21501,'87021'),(21503,'87022'),(21505,'87023'),(21507,'87024'),(21509,'87025'),(21511,'87026'),(21513,'87027'),(21515,'87028'),(21517,'87029'),(21519,'87030'),(21521,'87031'),(21523,'87032'),(21525,'87033'),(21527,'75000'),(21529,'75050'),(21531,'75100'),(21533,'75150'),(21535,'75200'),(21537,'75250'),(21539,'75260'),(21541,'75300'),(21543,'75350'),(21545,'75400'),(21547,'75450'),(21549,'75460'),(21551,'75500'),(21553,'75502'),(21555,'75503'),(21557,'75504'),(21559,'75505'),(21561,'75506'),(21563,'75508'),(21565,'75510'),(21567,'75512'),(21569,'75514'),(21571,'75516'),(21573,'75517'),(21575,'75518'),(21577,'75519'),(21579,'75532'),(21581,'75536'),(21583,'75538'),(21585,'75540'),(21587,'75542'),(21589,'75546'),(21591,'75550'),(21593,'75551'),(21595,'75552'),(21597,'75560'),(21599,'75564'),(21601,'75566'),(21603,'75570'),(21605,'75572'),(21607,'75576'),(21609,'75578'),(21611,'75582'),(21613,'75584'),(21615,'75586'),(21617,'75590'),(21619,'75592'),(21621,'75594'),(21623,'75596'),(21625,'75600'),(21627,'75604'),(21629,'75606'),(21631,'75608'),(21633,'75609'),(21635,'75610'),(21637,'75612'),(21639,'75618'),(21641,'75620'),(21643,'75622'),(21645,'75626'),(21647,'75628'),(21649,'75630'),(21651,'75632'),(21653,'75646'),(21655,'75648'),(21657,'75662'),(21659,'75670'),(21661,'75672'),(21663,'75673'),(21665,'75674'),(21667,'75676'),(21669,'75690'),(21671,'75700'),(21673,'75710'),(21675,'75720'),(21677,'75730'),(21679,'75740'),(21681,'75750'),(21683,'75760'),(21685,'75900'),(21687,'75902'),(21689,'75904'),(21691,'75906'),(21693,'75908'),(21695,'75910'),(21697,'75912'),(21699,'75914'),(21701,'75916'),(21703,'75918'),(21705,'75990'),(21707,'76100'),(21709,'76109'),(21711,'76200'),(21713,'76300'),(21715,'76400'),(21717,'76409'),(21719,'76450'),(21721,'77000'),(21723,'77007'),(21725,'77008'),(21727,'77009'),(21729,'77100'),(21731,'77109'),(21733,'77200'),(21735,'77300'),(21737,'77309'),(21739,'77400'),(21741,'77409'),(21743,'77500'),(21745,'78000'),(21747,'78009'),(21749,'78100'),(21751,'78200'),(21753,'78300'),(21755,'78307'),(21757,'78309'),(21759,'70000'),(21761,'70100'),(21763,'70200'),(21765,'70300'),(21767,'70400'),(21769,'70450'),(21771,'70500'),(21773,'70502'),(21775,'70503'),(21777,'70504'),(21779,'70505'),(21781,'70506'),(21783,'70508'),(21785,'70512'),(21787,'70516'),(21789,'70517'),(21791,'70518'),(21793,'70532'),(21795,'70534'),(21797,'70536'),(21799,'70540'),(21801,'70546'),(21803,'70548'),(21805,'70550'),(21807,'70551'),(21809,'70558'),(21811,'70560'),(21813,'70564'),(21815,'70570'),(21817,'70572'),(21819,'70576'),(21821,'70578'),(21823,'70582'),(21825,'70586'),(21827,'70590'),(21829,'70592'),(21831,'70594'),(21833,'70596'),(21835,'70600'),(21837,'70604'),(21839,'70606'),(21841,'70608'),(21843,'70609'),(21845,'70610'),(21847,'70620'),(21849,'70626'),(21851,'70628'),(21853,'70632'),(21855,'70634'),(21857,'70644'),(21859,'70646'),(21861,'70648'),(21863,'70658'),(21865,'70664'),(21867,'70670'),(21869,'70672'),(21871,'70673'),(21873,'70674'),(21875,'70676'),(21877,'70690'),(21879,'70700'),(21881,'70710'),(21883,'70720'),(21885,'70730'),(21887,'70740'),(21889,'70750'),(21891,'70990'),(21893,'71000'),(21895,'71007'),(21897,'71009'),(21899,'71010'),(21901,'71050'),(21903,'71059'),(21905,'71100'),(21907,'71109'),(21909,'71150'),(21911,'71159'),(21913,'71200'),(21915,'71209'),(21917,'71250'),(21919,'71259'),(21921,'71300'),(21923,'71309'),(21925,'71350'),(21927,'71359'),(21929,'71400'),(21931,'71409'),(21933,'71450'),(21935,'71459'),(21937,'71500'),(21939,'71509'),(21941,'71550'),(21943,'71559'),(21945,'71600'),(21947,'71609'),(21949,'71650'),(21951,'71659'),(21953,'71700'),(21955,'71707'),(21957,'71709'),(21959,'71750'),(21961,'71759'),(21963,'71760'),(21965,'71770'),(21967,'71800'),(21969,'71807'),(21971,'71809'),(21973,'71900'),(21975,'71907'),(21977,'71909'),(21979,'71950'),(21981,'71960'),(21983,'72000'),(21985,'72007'),(21987,'72009'),(21989,'72100'),(21991,'72107'),(21993,'72109'),(21995,'72120'),(21997,'72127'),(21999,'72129'),(22001,'72200'),(22003,'72207'),(22005,'72209'),(22007,'72300'),(22009,'72307'),(22011,'72309'),(22013,'72400'),(22015,'72409'),(22017,'72500'),(22019,'72507'),(22021,'72509'),(22023,'73000'),(22025,'73007'),(22027,'73009'),(22029,'73100'),(22031,'73109'),(22033,'73200'),(22035,'73207'),(22037,'73209'),(22039,'73300'),(22041,'73309'),(22043,'73400'),(22045,'73409'),(22047,'73420'),(22049,'73430'),(22051,'73440'),(22053,'73450'),(22055,'73460'),(22057,'73470'),(22059,'73480'),(22061,'73500'),(22063,'73507'),(22065,'73509'),(22067,'25000'),(22069,'25050'),(22071,'25100'),(22073,'25150'),(22075,'25200'),(22077,'25250'),(22079,'25300'),(22081,'25350'),(22083,'25500'),(22085,'25502'),(22087,'25503'),(22089,'25504'),(22091,'25505'),(22093,'25506'),(22095,'25508'),(22097,'25509'),(22099,'25512'),(22101,'25514'),(22103,'25516'),(22105,'25517'),(22107,'25518'),(22109,'25520'),(22111,'25524'),(22113,'25529'),(22115,'25532'),(22117,'25534'),(22119,'25536'),(22121,'25538'),(22123,'25540'),(22125,'25546'),(22127,'25548'),(22129,'25550'),(22131,'25551'),(22133,'25552'),(22135,'25556'),(22137,'25558'),(22139,'25560'),(22141,'25564'),(22143,'25570'),(22145,'25576'),(22147,'25578'),(22149,'25582'),(22151,'25584'),(22153,'25586'),(22155,'25590'),(22157,'25592'),(22159,'25594'),(22161,'25596'),(22163,'25598'),(22165,'25600'),(22167,'25604'),(22169,'25606'),(22171,'25608'),(22173,'25609'),(22175,'25610'),(22177,'25612'),(22179,'25614'),(22181,'25620'),(22183,'25622'),(22185,'25626'),(22187,'25628'),(22189,'25630'),(22191,'25632'),(22193,'25644'),(22195,'25646'),(22197,'25648'),(22199,'25656'),(22201,'25660'),(22203,'25661'),(22205,'25662'),(22207,'25670'),(22209,'25672'),(22211,'25673'),(22213,'25674'),(22215,'25676'),(22217,'25690'),(22219,'25700'),(22221,'25710'),(22223,'25720'),(22225,'25730'),(22227,'25740'),(22229,'25750'),(22231,'25990'),(22233,'26010'),(22235,'26040'),(22237,'26050'),(22239,'26060'),(22241,'26070'),(22243,'26080'),(22245,'26090'),(22247,'26100'),(22249,'26140'),(22251,'26150'),(22253,'26170'),(22255,'26180'),(22257,'26190'),(22259,'26200'),(22261,'26250'),(22263,'26300'),(22265,'26310'),(22267,'26320'),(22269,'26330'),(22271,'26340'),(22273,'26350'),(22275,'26360'),(22277,'26370'),(22279,'26400'),(22281,'26410'),(22283,'26420'),(22285,'26430'),(22287,'26440'),(22289,'26450'),(22291,'26460'),(22293,'26485'),(22295,'26490'),(22297,'26500'),(22299,'26600'),(22301,'26607'),(22303,'26609'),(22305,'26610'),(22307,'26620'),(22309,'26630'),(22311,'26640'),(22313,'26650'),(22315,'26660'),(22317,'26680'),(22319,'26690'),(22321,'26700'),(22323,'26800'),(22325,'26810'),(22327,'26820'),(22329,'26900'),(22331,'27000'),(22333,'27010'),(22335,'27020'),(22337,'27030'),(22339,'27040'),(22341,'27050'),(22343,'27060'),(22345,'27070'),(22347,'27090'),(22349,'27100'),(22351,'27150'),(22353,'27200'),(22355,'27207'),(22357,'27209'),(22359,'27210'),(22361,'27300'),(22363,'27310'),(22365,'27400'),(22367,'27600'),(22369,'27607'),(22371,'27609'),(22373,'27610'),(22375,'27620'),(22377,'27630'),(22379,'27650'),(22381,'27660'),(22383,'27670'),(22385,'28000'),(22387,'28007'),(22389,'28009'),(22391,'28010'),(22393,'28020'),(22395,'28030'),(22397,'28040'),(22399,'28050'),(22401,'28100'),(22403,'28200'),(22405,'28300'),(22407,'28310'),(22409,'28320'),(22411,'28330'),(22413,'28340'),(22415,'28380'),(22417,'28400'),(22419,'28407'),(22421,'28409'),(22423,'28500'),(22425,'28600'),(22427,'28610'),(22429,'28620'),(22431,'28700'),(22433,'28707'),(22435,'28709'),(22437,'28730'),(22439,'28740'),(22441,'28750'),(22443,'28800'),(22445,'39000'),(22447,'39007'),(22449,'39009'),(22451,'39010'),(22453,'39100'),(22455,'39200'),(22457,'49000'),(22459,'69000'),(22461,'62000'),(22463,'62007'),(22465,'62050'),(22467,'62100'),(22469,'62150'),(22471,'62200'),(22473,'62250'),(22475,'62300'),(22477,'62502'),(22479,'62504'),(22481,'62505'),(22483,'62506'),(22485,'62510'),(22487,'62512'),(22489,'62514'),(22491,'62516'),(22493,'62517'),(22495,'62518'),(22497,'62519'),(22499,'62520'),(22501,'62522'),(22503,'62524'),(22505,'62526'),(22507,'62527'),(22509,'62530'),(22511,'62532'),(22513,'62536'),(22515,'62540'),(22517,'62542'),(22519,'62546'),(22521,'62550'),(22523,'62551'),(22525,'62570'),(22527,'62574'),(22529,'62576'),(22531,'62582'),(22533,'62584'),(22535,'62590'),(22537,'62592'),(22539,'62594'),(22541,'62596'),(22543,'62602'),(22545,'62604'),(22547,'62605'),(22549,'62606'),(22551,'62616'),(22553,'62618'),(22555,'62620'),(22557,'62623'),(22559,'62624'),(22561,'62628'),(22563,'62630'),(22565,'62632'),(22567,'62648'),(22569,'62652'),(22571,'62654'),(22573,'62662'),(22575,'62668'),(22577,'62670'),(22579,'62674'),(22581,'62675'),(22583,'62676'),(22585,'62677'),(22587,'62686'),(22589,'62692'),(22591,'62988'),(22593,'1000'),(22595,'1007'),(22597,'1009'),(22599,'1500'),(22601,'1502'),(22603,'1503'),(22605,'1504'),(22607,'1505'),(22609,'1506'),(22611,'1508'),(22613,'1512'),(22615,'1514'),(22617,'1516'),(22619,'1517'),(22621,'1518'),(22623,'1524'),(22625,'1529'),(22627,'1532'),(22629,'1538'),(22631,'1540'),(22633,'1546'),(22635,'1550'),(22637,'1551'),(22639,'1556'),(22641,'1560'),(22643,'1564'),(22645,'1570'),(22647,'1572'),(22649,'1576'),(22651,'1578'),(22653,'1582'),(22655,'1586'),(22657,'1590'),(22659,'1592'),(22661,'1594'),(22663,'1596'),(22665,'1598'),(22667,'1600'),(22669,'1604'),(22671,'1606'),(22673,'1608'),(22675,'1609'),(22677,'1610'),(22679,'1612'),(22681,'1614'),(22683,'1620'),(22685,'1622'),(22687,'1626'),(22689,'1628'),(22691,'1630'),(22693,'1632'),(22695,'1634'),(22697,'1644'),(22699,'1646'),(22701,'1648'),(22703,'1660'),(22705,'1664'),(22707,'1670'),(22709,'1672'),(22711,'1673'),(22713,'1674'),(22715,'1676'),(22717,'1680'),(22719,'1694'),(22721,'2000'),(22723,'2100'),(22725,'2200'),(22727,'2400'),(22729,'2450'),(22731,'2500'),(22733,'2600'),(22735,'2607'),(22737,'2609'),(22739,'2700'),(22741,'2707'),(22743,'2709'),(22745,'2800'),(22747,'10000'),(22749,'10050'),(22751,'10100'),(22753,'10150'),(22755,'10200'),(22757,'10250'),(22759,'10300'),(22761,'10350'),(22763,'10400'),(22765,'10450'),(22767,'10460'),(22769,'10470'),(22771,'10500'),(22773,'10502'),(22775,'10503'),(22777,'10504'),(22779,'10505'),(22781,'10506'),(22783,'10508'),(22785,'10512'),(22787,'10514'),(22789,'10516'),(22791,'10518'),(22793,'10524'),(22795,'10534'),(22797,'10538'),(22799,'10540'),(22801,'10542'),(22803,'10546'),(22805,'10550'),(22807,'10551'),(22809,'10552'),(22811,'10558'),(22813,'10560'),(22815,'10564'),(22817,'10566'),(22819,'10570'),(22821,'10576'),(22823,'10578'),(22825,'10582'),(22827,'10590'),(22829,'10592'),(22831,'10593'),(22833,'10594'),(22835,'10596'),(22837,'10600'),(22839,'10604'),(22841,'10609'),(22843,'10610'),(22845,'10612'),(22847,'10620'),(22849,'10622'),(22851,'10626'),(22853,'10628'),(22855,'10634'),(22857,'10646'),(22859,'10648'),(22861,'10660'),(22863,'10661'),(22865,'10662'),(22867,'10670'),(22869,'10672'),(22871,'10673'),(22873,'10674'),(22875,'10676'),(22877,'10690'),(22879,'10710'),(22881,'10720'),(22883,'10730'),(22885,'10740'),(22887,'10750'),(22889,'10760'),(22891,'10770'),(22893,'10780'),(22895,'10790'),(22897,'10800'),(22899,'10810'),(22901,'10820'),(22903,'10830'),(22905,'10840'),(22907,'10850'),(22909,'10910'),(22911,'10920'),(22913,'10990'),(22915,'11000'),(22917,'11010'),(22919,'11020'),(22921,'11050'),(22923,'11060'),(22925,'11100'),(22927,'11200'),(22929,'11300'),(22931,'11400'),(22933,'11409'),(22935,'11500'),(22937,'11600'),(22939,'11609'),(22941,'11700'),(22943,'11800'),(22945,'11900'),(22947,'11910'),(22949,'11920'),(22951,'11950'),(22953,'11960'),(22955,'12000'),(22957,'12100'),(22959,'12200'),(22961,'12300'),(22963,'12700'),(22965,'12710'),(22967,'12720'),(22969,'12990'),(22971,'13000'),(22973,'13009'),(22975,'13020'),(22977,'13050'),(22979,'13100'),(22981,'13110'),(22983,'13200'),(22985,'13210'),(22987,'13220'),(22989,'13300'),(22991,'13310'),(22993,'13400'),(22995,'13409'),(22997,'13500'),(22999,'13600'),(23001,'13700'),(23003,'13800'),(23005,'14000'),(23007,'14007'),(23009,'14009'),(23011,'14020'),(23013,'14100'),(23015,'14101'),(23017,'14110'),(23019,'14120'),(23021,'14200'),(23023,'14300'),(23025,'14310'),(23027,'14320'),(23029,'14400'),(23031,'30000'),(23033,'30010'),(23035,'30020'),(23037,'30100'),(23039,'30200'),(23041,'30250'),(23043,'30300'),(23045,'30350'),(23047,'30450'),(23049,'30500'),(23051,'30502'),(23053,'30503'),(23055,'30504'),(23057,'30505'),(23059,'30506'),(23061,'30508'),(23063,'30510'),(23065,'30512'),(23067,'30516'),(23069,'30517'),(23071,'30518'),(23073,'30519'),(23075,'30520'),(23077,'30524'),(23079,'30532'),(23081,'30534'),(23083,'30536'),(23085,'30540'),(23087,'30542'),(23089,'30546'),(23091,'30548'),(23093,'30550'),(23095,'30551'),(23097,'30552'),(23099,'30554'),(23101,'30556'),(23103,'30560'),(23105,'30564'),(23107,'30570'),(23109,'30576'),(23111,'30580'),(23113,'30582'),(23115,'30586'),(23117,'30590'),(23119,'30592'),(23121,'30594'),(23123,'30596'),(23125,'30600'),(23127,'30604'),(23129,'30606'),(23131,'30609'),(23133,'30610'),(23135,'30612'),(23137,'30614'),(23139,'30620'),(23141,'30621'),(23143,'30622'),(23145,'30626'),(23147,'30628'),(23149,'30630'),(23151,'30632'),(23153,'30634'),(23155,'30644'),(23157,'30646'),(23159,'30648'),(23161,'30656'),(23163,'30658'),(23165,'30660'),(23167,'30661'),(23169,'30662'),(23171,'30664'),(23173,'30668'),(23175,'30670'),(23177,'30673'),(23179,'30674'),(23181,'30676'),(23183,'30682'),(23185,'30690'),(23187,'30700'),(23189,'30710'),(23191,'30720'),(23193,'30730'),(23195,'30740'),(23197,'30750'),(23199,'30760'),(23201,'30770'),(23203,'30780'),(23205,'30790'),(23207,'30800'),(23209,'30810'),(23211,'30820'),(23213,'30830'),(23215,'30840'),(23217,'30900'),(23219,'30902'),(23221,'30904'),(23223,'30906'),(23225,'30908'),(23227,'30910'),(23229,'30912'),(23231,'30988'),(23233,'30990'),(23235,'31000'),(23237,'31007'),(23239,'31009'),(23241,'31050'),(23243,'31100'),(23245,'31150'),(23247,'31200'),(23249,'31250'),(23251,'31300'),(23253,'31350'),(23255,'31400'),(23257,'31407'),(23259,'31409'),(23261,'31450'),(23263,'31500'),(23265,'31550'),(23267,'31560'),(23269,'31600'),(23271,'31610'),(23273,'31650'),(23275,'31700'),(23277,'31750'),(23279,'31800'),(23281,'31850'),(23283,'31900'),(23285,'31907'),(23287,'31909'),(23289,'31910'),(23291,'31920'),(23293,'31950'),(23295,'32000'),(23297,'32040'),(23299,'32100'),(23301,'32200'),(23303,'32300'),(23305,'32400'),(23307,'32500'),(23309,'32600'),(23311,'32610'),(23313,'32700'),(23315,'32800'),(23317,'32900'),(23319,'33000'),(23321,'33007'),(23323,'33009'),(23325,'33010'),(23327,'33020'),(23329,'33030'),(23331,'33040'),(23333,'33100'),(23335,'33200'),(23337,'33300'),(23339,'33310'),(23341,'33320'),(23343,'33400'),(23345,'33410'),(23347,'33420'),(23349,'33500'),(23351,'33600'),(23353,'33700'),(23355,'33800'),(23357,'34000'),(23359,'34007'),(23361,'34008'),(23363,'34009'),(23365,'34010'),(23367,'34020'),(23369,'34030'),(23371,'34100'),(23373,'34120'),(23375,'34130'),(23377,'34140'),(23379,'34200'),(23381,'34250'),(23383,'34300'),(23385,'34310'),(23387,'34350'),(23389,'34400'),(23391,'34500'),(23393,'34510'),(23395,'34520'),(23397,'34600'),(23399,'34650'),(23401,'34700'),(23403,'34750'),(23405,'34800'),(23407,'34850'),(23409,'34900'),(23411,'35000'),(23413,'35007'),(23415,'35009'),(23417,'35300'),(23419,'35350'),(23421,'35400'),(23423,'35500'),(23425,'35600'),(23427,'35700'),(23429,'35800'),(23431,'35820'),(23433,'35900'),(23435,'35907'),(23437,'35909'),(23439,'35910'),(23441,'35950'),(23443,'36000'),(23445,'36007'),(23447,'36008'),(23449,'36009'),(23451,'36010'),(23453,'36020'),(23455,'36030'),(23457,'36100'),(23459,'36110'),(23461,'36200'),(23463,'36207'),(23465,'36209'),(23467,'36300'),(23469,'36307'),(23471,'36309'),(23473,'36400'),(23475,'36500'),(23477,'36600'),(23479,'36700'),(23481,'36750'),(23483,'36800'),(23485,'36810'),(23487,'88000'),(23489,'88100'),(23491,'88200'),(23493,'88300'),(23495,'88400'),(23497,'88450'),(23499,'88460'),(23501,'88500'),(23503,'88502'),(23505,'88504'),(23507,'88505'),(23509,'88506'),(23511,'88508'),(23513,'88510'),(23515,'88512'),(23517,'88514'),(23519,'88516'),(23521,'88518'),(23523,'88520'),(23525,'88526'),(23527,'88527'),(23529,'88532'),(23531,'88534'),(23533,'88538'),(23535,'88540'),(23537,'88546'),(23539,'88550'),(23541,'88551'),(23543,'88552'),(23545,'88554'),(23547,'88556'),(23549,'88558'),(23551,'88560'),(23553,'88562'),(23555,'88564'),(23557,'88566'),(23559,'88568'),(23561,'88570'),(23563,'88572'),(23565,'88576'),(23567,'88580'),(23569,'88582'),(23571,'88586'),(23573,'88590'),(23575,'88592'),(23577,'88594'),(23579,'88596'),(23581,'88598'),(23583,'88600'),(23585,'88602'),(23587,'88604'),(23589,'88606'),(23591,'88608'),(23593,'88609'),(23595,'88610'),(23597,'88612'),(23599,'88614'),(23601,'88617'),(23603,'88618'),(23605,'88620'),(23607,'88621'),(23609,'88622'),(23611,'88624'),(23613,'88626'),(23615,'88628'),(23617,'88630'),(23619,'88632'),(23621,'88634'),(23623,'88644'),(23625,'88646'),(23627,'88648'),(23629,'88656'),(23631,'88658'),(23633,'88660'),(23635,'88661'),(23637,'88662'),(23639,'88670'),(23641,'88672'),(23643,'88673'),(23645,'88675'),(23647,'88676'),(23649,'88680'),(23651,'88690'),(23653,'88700'),(23655,'88721'),(23657,'88722'),(23659,'88723'),(23661,'88724'),(23663,'88725'),(23665,'88757'),(23667,'88758'),(23669,'88759'),(23671,'88760'),(23673,'88761'),(23675,'88762'),(23677,'88763'),(23679,'88764'),(23681,'88765'),(23683,'88766'),(23685,'88767'),(23687,'88768'),(23689,'88769'),(23691,'88770'),(23693,'88771'),(23695,'88772'),(23697,'88773'),(23699,'88774'),(23701,'88775'),(23703,'88776'),(23705,'88777'),(23707,'88778'),(23709,'88779'),(23711,'88780'),(23713,'88781'),(23715,'88782'),(23717,'88783'),(23719,'88784'),(23721,'88785'),(23723,'88786'),(23725,'88787'),(23727,'88788'),(23729,'88789'),(23731,'88790'),(23733,'88800'),(23735,'88801'),(23737,'88802'),(23739,'88803'),(23741,'88804'),(23743,'88805'),(23745,'88806'),(23747,'88807'),(23749,'88808'),(23751,'88809'),(23753,'88810'),(23755,'88811'),(23757,'88812'),(23759,'88813'),(23761,'88814'),(23763,'88815'),(23765,'88816'),(23767,'88817'),(23769,'88818'),(23771,'88819'),(23773,'88820'),(23775,'88821'),(23777,'88822'),(23779,'88823'),(23781,'88824'),(23783,'88825'),(23785,'88826'),(23787,'88827'),(23789,'88828'),(23791,'88829'),(23793,'88830'),(23795,'88831'),(23797,'88832'),(23799,'88833'),(23801,'88834'),(23803,'88835'),(23805,'88836'),(23807,'88837'),(23809,'88838'),(23811,'88839'),(23813,'88840'),(23815,'88841'),(23817,'88842'),(23819,'88843'),(23821,'88844'),(23823,'88845'),(23825,'88846'),(23827,'88847'),(23829,'88848'),(23831,'88849'),(23833,'88850'),(23835,'88851'),(23837,'88852'),(23839,'88853'),(23841,'88854'),(23843,'88855'),(23845,'88856'),(23847,'88857'),(23849,'88858'),(23851,'88860'),(23853,'88861'),(23855,'88862'),(23857,'88863'),(23859,'88865'),(23861,'88866'),(23863,'88867'),(23865,'88868'),(23867,'88869'),(23869,'88870'),(23871,'88871'),(23873,'88872'),(23875,'88873'),(23877,'88874'),(23879,'88875'),(23881,'88900'),(23883,'88901'),(23885,'88902'),(23887,'88903'),(23889,'88904'),(23891,'88905'),(23893,'88906'),(23895,'88988'),(23897,'88990'),(23899,'88991'),(23901,'88992'),(23903,'88993'),(23905,'88994'),(23907,'88995'),(23909,'88996'),(23911,'88997'),(23913,'88998'),(23915,'88999'),(23917,'89000'),(23919,'89007'),(23921,'89008'),(23923,'89009'),(23925,'89050'),(23927,'89057'),(23929,'89058'),(23931,'89059'),(23933,'89100'),(23935,'89107'),(23937,'89108'),(23939,'89109'),(23941,'89150'),(23943,'89157'),(23945,'89158'),(23947,'89159'),(23949,'89200'),(23951,'89207'),(23953,'89208'),(23955,'89209'),(23957,'89250'),(23959,'89257'),(23961,'89258'),(23963,'89259'),(23965,'89260'),(23967,'89300'),(23969,'89307'),(23971,'89308'),(23973,'89309'),(23975,'89500'),(23977,'89507'),(23979,'89508'),(23981,'89509'),(23983,'89600'),(23985,'89607'),(23987,'89608'),(23989,'89609'),(23991,'89650'),(23993,'89657'),(23995,'89658'),(23997,'89659'),(23999,'89700'),(24001,'89707'),(24003,'89708'),(24005,'89709'),(24007,'89720'),(24009,'89727'),(24011,'89728'),(24013,'89729'),(24015,'89740'),(24017,'89747'),(24019,'89748'),(24021,'89749'),(24023,'89760'),(24025,'89767'),(24027,'89768'),(24029,'89769'),(24031,'89800'),(24033,'89807'),(24035,'89808'),(24037,'89809'),(24039,'89850'),(24041,'89857'),(24043,'89858'),(24045,'89859'),(24047,'89900'),(24049,'89907'),(24051,'89908'),(24053,'89909'),(24055,'89950'),(24057,'89957'),(24059,'89958'),(24061,'89959'),(24063,'90000'),(24065,'90009'),(24067,'90100'),(24069,'90107'),(24071,'90109'),(24073,'90200'),(24075,'90300'),(24077,'90307'),(24079,'90400'),(24081,'90700'),(24083,'90701'),(24085,'90702'),(24087,'90703'),(24089,'90704'),(24091,'90705'),(24093,'90706'),(24095,'90707'),(24097,'90708'),(24099,'90709'),(24101,'90711'),(24103,'90712'),(24105,'90713'),(24107,'90714'),(24109,'90715'),(24111,'90716'),(24113,'90717'),(24115,'90718'),(24117,'90719'),(24119,'90720'),(24121,'90721'),(24123,'90722'),(24125,'90723'),(24127,'90724'),(24129,'90725'),(24131,'90726'),(24133,'90727'),(24135,'90728'),(24137,'90729'),(24139,'90730'),(24141,'90731'),(24143,'90732'),(24145,'90733'),(24147,'90734'),(24149,'90735'),(24151,'90736'),(24153,'90737'),(24155,'90738'),(24157,'90739'),(24159,'90740'),(24161,'90741'),(24163,'91000'),(24165,'91007'),(24167,'91008'),(24169,'91009'),(24171,'91010'),(24173,'91011'),(24175,'91012'),(24177,'91013'),(24179,'91014'),(24181,'91015'),(24183,'91016'),(24185,'91017'),(24187,'91018'),(24189,'91019'),(24191,'91020'),(24193,'91021'),(24195,'91022'),(24197,'91023'),(24199,'91024'),(24201,'91025'),(24203,'91026'),(24205,'91027'),(24207,'91028'),(24209,'91029'),(24211,'91030'),(24213,'91031'),(24215,'91032'),(24217,'91033'),(24219,'91034'),(24221,'91035'),(24223,'91100'),(24225,'91109'),(24227,'91110'),(24229,'91111'),(24231,'91112'),(24233,'91113'),(24235,'91114'),(24237,'91115'),(24239,'91116'),(24241,'91117'),(24243,'91118'),(24245,'91119'),(24247,'91120'),(24249,'91121'),(24251,'91122'),(24253,'91123'),(24255,'91124'),(24257,'91125'),(24259,'91126'),(24261,'91127'),(24263,'91128'),(24265,'91150'),(24267,'91200'),(24269,'91207'),(24271,'91209'),(24273,'91300'),(24275,'91307'),(24277,'91308'),(24279,'91309'),(24281,'40000'),(24283,'40100'),(24285,'40150'),(24287,'40160'),(24289,'40170'),(24291,'40200'),(24293,'40300'),(24295,'40400'),(24297,'40450'),(24299,'40460'),(24301,'40470'),(24303,'40500'),(24305,'40502'),(24307,'40503'),(24309,'40505'),(24311,'40512'),(24313,'40517'),(24315,'40520'),(24317,'40529'),(24319,'40542'),(24321,'40548'),(24323,'40550'),(24325,'40551'),(24327,'40560'),(24329,'40564'),(24331,'40570'),(24333,'40572'),(24335,'40576'),(24337,'40578'),(24339,'40582'),(24341,'40590'),(24343,'40592'),(24345,'40594'),(24347,'40596'),(24349,'40598'),(24351,'40604'),(24353,'40607'),(24355,'40608'),(24357,'40610'),(24359,'40612'),(24361,'40620'),(24363,'40622'),(24365,'40626'),(24367,'40632'),(24369,'40646'),(24371,'40648'),(24373,'40660'),(24375,'40664'),(24377,'40670'),(24379,'40672'),(24381,'40673'),(24383,'40674'),(24385,'40675'),(24387,'40676'),(24389,'40680'),(24391,'40690'),(24393,'40700'),(24395,'40702'),(24397,'40704'),(24399,'40706'),(24401,'40708'),(24403,'40710'),(24405,'40712'),(24407,'40714'),(24409,'40716'),(24411,'40718'),(24413,'40720'),(24415,'40722'),(24417,'40724'),(24419,'40726'),(24421,'40728'),(24423,'40730'),(24425,'40732'),(24427,'40800'),(24429,'40802'),(24431,'40804'),(24433,'40806'),(24435,'40808'),(24437,'40810'),(24439,'40990'),(24441,'41000'),(24443,'41050'),(24445,'41100'),(24447,'41150'),(24449,'41200'),(24451,'41250'),(24453,'41300'),(24455,'41400'),(24457,'41506'),(24459,'41560'),(24461,'41586'),(24463,'41672'),(24465,'41700'),(24467,'41710'),(24469,'41720'),(24471,'41900'),(24473,'41902'),(24475,'41904'),(24477,'41906'),(24479,'41908'),(24481,'41910'),(24483,'41912'),(24485,'41914'),(24487,'41916'),(24489,'41918'),(24491,'41990'),(24493,'42000'),(24495,'42009'),(24497,'42100'),(24499,'42200'),(24501,'42300'),(24503,'42425'),(24505,'42500'),(24507,'42507'),(24509,'42509'),(24511,'42600'),(24513,'42610'),(24515,'42700'),(24517,'42800'),(24519,'42920'),(24521,'42940'),(24523,'42960'),(24525,'43000'),(24527,'43007'),(24529,'43009'),(24531,'43100'),(24533,'43200'),(24535,'43207'),(24537,'43300'),(24539,'43400'),(24541,'43500'),(24543,'43558'),(24545,'43600'),(24547,'43650'),(24549,'43700'),(24551,'43800'),(24553,'43807'),(24555,'43900'),(24557,'43950'),(24559,'44000'),(24561,'44010'),(24563,'44020'),(24565,'44100'),(24567,'44110'),(24569,'44200'),(24571,'44300'),(24573,'45000'),(24575,'45100'),(24577,'45200'),(24579,'45207'),(24581,'45209'),(24583,'45300'),(24585,'45400'),(24587,'45500'),(24589,'45600'),(24591,'45607'),(24593,'45609'),(24595,'45620'),(24597,'45700'),(24599,'45800'),(24601,'46000'),(24603,'46050'),(24605,'46100'),(24607,'46150'),(24609,'46200'),(24611,'46300'),(24613,'46350'),(24615,'46400'),(24617,'46506'),(24619,'46547'),(24621,'46549'),(24623,'46551'),(24625,'46564'),(24627,'46582'),(24629,'46598'),(24631,'46662'),(24633,'46667'),(24635,'46668'),(24637,'46672'),(24639,'46675'),(24641,'46700'),(24643,'46710'),(24645,'46720'),(24647,'46730'),(24649,'46740'),(24651,'46750'),(24653,'46760'),(24655,'46770'),(24657,'46780'),(24659,'46781'),(24661,'46782'),(24663,'46783'),(24665,'46784'),(24667,'46785'),(24669,'46786'),(24671,'46787'),(24673,'46788'),(24675,'46789'),(24677,'46790'),(24679,'46791'),(24681,'46792'),(24683,'46793'),(24685,'46794'),(24687,'46795'),(24689,'46796'),(24691,'46797'),(24693,'46798'),(24695,'46799'),(24697,'46800'),(24699,'46801'),(24701,'46802'),(24703,'46803'),(24705,'46804'),(24707,'46805'),(24709,'46806'),(24711,'46860'),(24713,'46870'),(24715,'46960'),(24717,'46962'),(24719,'46964'),(24721,'46966'),(24723,'46968'),(24725,'46970'),(24727,'46972'),(24729,'46974'),(24731,'46976'),(24733,'46978'),(24735,'47000'),(24737,'47100'),(24739,'47110'),(24741,'47120'),(24743,'47130'),(24745,'47140'),(24747,'47150'),(24749,'47160'),(24751,'47170'),(24753,'47180'),(24755,'47190'),(24757,'47200'),(24759,'47300'),(24761,'47301'),(24763,'47307'),(24765,'47308'),(24767,'47400'),(24769,'47410'),(24771,'47500'),(24773,'47507'),(24775,'47600'),(24777,'47610'),(24779,'47620'),(24781,'47630'),(24783,'47640'),(24785,'47650'),(24787,'47800'),(24789,'47810'),(24791,'47820'),(24793,'47830'),(24795,'48000'),(24797,'48010'),(24799,'48020'),(24801,'48050'),(24803,'48100'),(24805,'48200'),(24807,'48300'),(24809,'63000'),(24811,'63100'),(24813,'63200'),(24815,'63300'),(24817,'64000'),(24819,'68000'),(24821,'93000'),(24823,'93010'),(24825,'93050'),(24827,'93100'),(24829,'93150'),(24831,'93200'),(24833,'93250'),(24835,'93300'),(24837,'93350'),(24839,'93400'),(24841,'93450'),(24843,'93500'),(24845,'93502'),(24847,'93503'),(24849,'93504'),(24851,'93505'),(24853,'93506'),(24855,'93507'),(24857,'93508'),(24859,'93514'),(24861,'93516'),(24863,'93517'),(24865,'93518'),(24867,'93519'),(24869,'93520'),(24871,'93527'),(24873,'93529'),(24875,'93532'),(24877,'93540'),(24879,'93550'),(24881,'93551'),(24883,'93552'),(24885,'93554'),(24887,'93556'),(24889,'93558'),(24891,'93560'),(24893,'93564'),(24895,'93566'),(24897,'93570'),(24899,'93572'),(24901,'93576'),(24903,'93578'),(24905,'93582'),(24907,'93586'),(24909,'93590'),(24911,'93592'),(24913,'93594'),(24915,'93596'),(24917,'93600'),(24919,'93604'),(24921,'93606'),(24923,'93608'),(24925,'93609'),(24927,'93610'),(24929,'93612'),(24931,'93614'),(24933,'93618'),(24935,'93619'),(24937,'93620'),(24939,'93626'),(24941,'93628'),(24943,'93632'),(24945,'93634'),(24947,'93648'),(24949,'93658'),(24951,'93660'),(24953,'93661'),(24955,'93662'),(24957,'93670'),(24959,'93672'),(24961,'93677'),(24963,'93690'),(24965,'93694'),(24967,'93700'),(24969,'93702'),(24971,'93704'),(24973,'93706'),(24975,'93708'),(24977,'93710'),(24979,'93712'),(24981,'93714'),(24983,'93716'),(24985,'93718'),(24987,'93720'),(24989,'93722'),(24991,'93724'),(24993,'93726'),(24995,'93728'),(24997,'93730'),(24999,'93732'),(25001,'93734'),(25003,'93736'),(25005,'93738'),(25007,'93740'),(25009,'93742'),(25011,'93744'),(25013,'93746'),(25015,'93748'),(25017,'93750'),(25019,'93752'),(25021,'93754'),(25023,'93756'),(25025,'93758'),(25027,'93760'),(25029,'93762'),(25031,'93764'),(25033,'93900'),(25035,'93902'),(25037,'93904'),(25039,'93906'),(25041,'93908'),(25043,'93910'),(25045,'93912'),(25047,'93914'),(25049,'93916'),(25051,'93990'),(25053,'94000'),(25055,'94007'),(25057,'94009'),(25059,'94200'),(25061,'94300'),(25063,'94500'),(25065,'94507'),(25067,'94509'),(25069,'94600'),(25071,'94650'),(25073,'94700'),(25075,'94707'),(25077,'94709'),(25079,'94750'),(25081,'94760'),(25083,'94800'),(25085,'94807'),(25087,'94809'),(25089,'94850'),(25091,'94900'),(25093,'94950'),(25095,'95000'),(25097,'95007'),(25099,'95008'),(25101,'95009'),(25103,'95300'),(25105,'95400'),(25107,'95407'),(25109,'95409'),(25111,'95500'),(25113,'95600'),(25115,'95700'),(25117,'95707'),(25119,'95709'),(25121,'95800'),(25123,'95900'),(25125,'96000'),(25127,'96007'),(25129,'96008'),(25131,'96009'),(25133,'96100'),(25135,'96107'),(25137,'96108'),(25139,'96109'),(25141,'96150'),(25143,'96200'),(25145,'96250'),(25147,'96300'),(25149,'96307'),(25151,'96309'),(25153,'96350'),(25155,'96400'),(25157,'96410'),(25159,'96500'),(25161,'96507'),(25163,'96508'),(25165,'96509'),(25167,'96600'),(25169,'96700'),(25171,'96707'),(25173,'96709'),(25175,'96800'),(25177,'96807'),(25179,'96809'),(25181,'96850'),(25183,'96900'),(25185,'97000'),(25187,'97007'),(25189,'97008'),(25191,'97009'),(25193,'97010'),(25195,'97011'),(25197,'97012'),(25199,'97013'),(25201,'97014'),(25203,'97015'),(25205,'97100'),(25207,'97200'),(25209,'97300'),(25211,'98000'),(25213,'98007'),(25215,'98008'),(25217,'98009'),(25219,'98050'),(25221,'98057'),(25223,'98058'),(25225,'98059'),(25227,'98100'),(25229,'98107'),(25231,'98109'),(25233,'98150'),(25235,'98157'),(25237,'98159'),(25239,'98200'),(25241,'98300'),(25243,'98700'),(25245,'98707'),(25247,'98708'),(25249,'98709'),(25251,'98750'),(25253,'98800'),(25255,'98850'),(25257,'98857'),(25259,'98859'),(25261,'20000'),(25263,'20050'),(25265,'20100'),(25267,'20200'),(25269,'20300'),(25271,'20400'),(25273,'20500'),(25275,'20502'),(25277,'20503'),(25279,'20504'),(25281,'20505'),(25283,'20506'),(25285,'20508'),(25287,'20512'),(25289,'20514'),(25291,'20516'),(25293,'20517'),(25295,'20518'),(25297,'20519'),(25299,'20520'),(25301,'20532'),(25303,'20534'),(25305,'20536'),(25307,'20538'),(25309,'20540'),(25311,'20542'),(25313,'20546'),(25315,'20548'),(25317,'20550'),(25319,'20551'),(25321,'20552'),(25323,'20554'),(25325,'20556'),(25327,'20560'),(25329,'20564'),(25331,'20566'),(25333,'20568'),(25335,'20570'),(25337,'20572'),(25339,'20576'),(25341,'20578'),(25343,'20582'),(25345,'20586'),(25347,'20590'),(25349,'20592'),(25351,'20596'),(25353,'20600'),(25355,'20604'),(25357,'20606'),(25359,'20608'),(25361,'20609'),(25363,'20610'),(25365,'20612'),(25367,'20614'),(25369,'20618'),(25371,'20620'),(25373,'20622'),(25375,'20626'),(25377,'20628'),(25379,'20630'),(25381,'20632'),(25383,'20646'),(25385,'20648'),(25387,'20656'),(25389,'20658'),(25391,'20660'),(25393,'20661'),(25395,'20662'),(25397,'20664'),(25399,'20668'),(25401,'20670'),(25403,'20672'),(25405,'20673'),(25407,'20674'),(25409,'20676'),(25411,'20680'),(25413,'20690'),(25415,'20698'),(25417,'20700'),(25419,'20710'),(25421,'20720'),(25423,'20900'),(25425,'20902'),(25427,'20904'),(25429,'20906'),(25431,'20908'),(25433,'20910'),(25435,'20912'),(25437,'20914'),(25439,'20916'),(25441,'20918'),(25443,'20920'),(25445,'20922'),(25447,'20924'),(25449,'20926'),(25451,'20928'),(25453,'20930'),(25455,'20990'),(25457,'21000'),(25459,'21009'),(25461,'21010'),(25463,'21020'),(25465,'21030'),(25467,'21040'),(25469,'21060'),(25471,'21070'),(25473,'21080'),(25475,'21090'),(25477,'21100'),(25479,'21109'),(25481,'21200'),(25483,'21209'),(25485,'21210'),(25487,'21220'),(25489,'21300'),(25491,'21309'),(25493,'21400'),(25495,'21450'),(25497,'21500'),(25499,'21600'),(25501,'21610'),(25503,'21700'),(25505,'21800'),(25507,'21810'),(25509,'21820'),(25511,'22000'),(25513,'22010'),(25515,'22020'),(25517,'22100'),(25519,'22107'),(25521,'22109'),(25523,'22110'),(25525,'22120'),(25527,'22200'),(25529,'22300'),(25531,'22307'),(25533,'22309'),(25535,'23000'),(25537,'23007'),(25539,'23009'),(25541,'23050'),(25543,'23100'),(25545,'23200'),(25547,'23300'),(25549,'23400'),(25551,'24000'),(25553,'24007'),(25555,'24009'),(25557,'24050'),(25559,'24060'),(25561,'24100'),(25563,'24107'),(25565,'24109'),(25567,'24200'),(25569,'24207'),(25571,'24209'),(25573,'24300');
/*!40000 ALTER TABLE `pincode` ENABLE KEYS */;
UNLOCK TABLES;

--
-- Table structure for table `product`
--

DROP TABLE IF EXISTS `product`;
/*!40101 SET @saved_cs_client     = @@character_set_client */;
/*!50503 SET character_set_client = utf8mb4 */;
CREATE TABLE `product` (
  `ID` int NOT NULL AUTO_INCREMENT,
  `PRODUCT_NAME` varchar(45) DEFAULT NULL,
  `DESCRIPTION` varchar(200) DEFAULT NULL,
  `WEIGHT` varchar(45) DEFAULT NULL,
  `MAIN_CATEGORY` varchar(100) DEFAULT NULL,
  `SUB_CATEGORY` varchar(100) NOT NULL,
  `CATEGORY` varchar(100) DEFAULT NULL,
  `PRICE` double DEFAULT NULL,
  `QUANTITY` int NOT NULL,
  `LOCATION` varchar(100) DEFAULT NULL,
  `EXTERNAL_SHOP` tinyint(1) DEFAULT '0',
  `ACTIVE` tinyint(1) DEFAULT '0',
  `PRODUCT_ADD_USER_ID` int NOT NULL,
  `CREATED_DATE` varchar(100) DEFAULT NULL,
  `PRODUCT_IMAGE` varchar(100) DEFAULT NULL,
  `MIN_VARIANT` int DEFAULT '1',
  `DEFAULT_TIME_SLOT` varchar(100) DEFAULT NULL,
  `BRAND` varchar(100) DEFAULT NULL,
  `TITLE` varchar(100) DEFAULT NULL,
  `OFFER_PRICE` double DEFAULT '0',
  PRIMARY KEY (`ID`)
) ENGINE=InnoDB AUTO_INCREMENT=20108 DEFAULT CHARSET=utf8mb4 COLLATE=utf8mb4_0900_ai_ci;
/*!40101 SET character_set_client = @saved_cs_client */;

--
-- Dumping data for table `product`
--

LOCK TABLES `product` WRITE;
/*!40000 ALTER TABLE `product` DISABLE KEYS */;
INSERT INTO `product` VALUES (1,'Fresh Chicken','Chicken','500kg','Meat','Chicken','Chicken Wings',80,0,'George Town',1,1,0,'Fri Sep 04 22:01:06 IST 2020',NULL,1,NULL,NULL,NULL,0),(2,'Chicken DrumStick','DrumStick','3kg','Meat','Chicken','Chicken Wings',75,0,'Johor Bahru',0,1,0,'Sat Sep 05 17:11:20 IST 2020',NULL,1,NULL,NULL,NULL,0),(3,'Lamp','Lamp Flesh','5Kg','Meat','Mutton','Lamb Chop',80,1,'79002',1,1,0,'Sun Sep 06 09:11:00 IST 2020',NULL,1,NULL,NULL,NULL,0),(4,'Mutton Chukka','Mutton Chukka','30kg','Meat','Mutton','Beef Topside',800,1,'Melaka',0,1,0,'Sun Sep 06 20:20:41 IST 2020',NULL,1,NULL,NULL,NULL,0),(5,'Potato','Potato','5kg','Vegetables','Vegetables','Potato',10,1,'Kuala Lumpur',0,1,0,'Sun Sep 06 20:42:06 IST 2020',NULL,1,NULL,NULL,NULL,0),(6,'Ground nuts','Ground nuts','2kg','Grocery','Grocery','Anchovies Mata Biru grade A',60,1,'Melaka',0,1,0,'Mon Sep 07 18:53:17 IST 2020',NULL,1,NULL,NULL,NULL,0),(7,'Chicken Legs','Chicken Legs','4kg','Meat','Chicken','Chicken Wings',50,1,'Kuala Lumpur',0,1,0,'Mon Sep 07 19:39:35 IST 2020',NULL,1,NULL,NULL,NULL,0),(20001,'Ikan Bilis Mata Biru',NULL,'300','Seafood','Dried Seafood','Anchovies',30,1,'Kuala Lumpur',0,0,4,'Fri Sep 11 00:30:55 IST 2020','BilisAAAkopek(300)',1,NULL,'Station Bilis','Ikan Bilis Mata Biru Grade AAA (Cleaned) 300G',0),(20003,'Ikan Bilis Mata Biru',NULL,'500','Seafood','Dried Seafood','Anchovies',45,5,'Kuala Lumpur',0,0,4,'Fri Sep 11 00:30:55 IST 2020','BilisAAAkopek(500)',1,NULL,'Station Bilis','Ikan Bilis Mata Biru Grade AAA (Cleaned) 500G',0),(20005,'Ikan Bilis Mata Biru',NULL,'1000','Seafood','Dried Seafood','Anchovies',80,1,'79001',1,0,4,'Fri Sep 11 00:30:55 IST 2020','BilisAAAkopek(1000)',1,NULL,'Station Bilis','Ikan Bilis Mata Biru Grade AAA (Cleaned) 1000G',0),(20007,'Ikan Bilis Mata Biru',NULL,'300','Seafood','Dried Seafood','Anchovies',22,1,'79002',1,0,4,'Fri Sep 11 00:30:55 IST 2020','BilisAAA(300)',1,NULL,'Station Bilis','Ikan Bilis Mata Biru Grade AAA 300G',0),(20009,'Ikan Bilis Mata Biru',NULL,'500','Seafood','Dried Seafood','Anchovies',35,1,'Kuala Lumpur',0,0,4,'Fri Sep 11 00:30:55 IST 2020','BilisAAA(500)',1,NULL,'Station Bilis','Ikan Bilis Mata Biru Grade AAA 500G',0),(20011,'Ikan Bilis Mata Biru',NULL,'1000','Seafood','Dried Seafood','Anchovies',60,5,NULL,0,0,4,'Fri Sep 11 00:30:55 IST 2020','BilisAAA(1000)',1,NULL,'Station Bilis','Ikan Bilis Mata Biru Grade AAA 1000G',0),(20013,'Cumin Seeds ',NULL,'100','Condiment','Whole Spices','',2.8,1,'Kuala Lumpur',0,0,4,'Fri Sep 11 00:30:56 IST 2020','Cumin100G',1,NULL,'Station Rempah','Cumin Seeds Grade A 100G',0),(20015,'Cumin Seeds ',NULL,'300','Condiment','Whole Spices','',8.4,1,'Kuala Lumpur',0,0,4,'Fri Sep 11 00:30:56 IST 2020','Cumin300G',1,NULL,'Station Rempah','Cumin Seeds Grade A 300G',0),(20017,'Cumin Seeds ',NULL,'500','Condiment','Whole Spices','',14,1,NULL,0,0,4,'Fri Sep 11 00:30:56 IST 2020','Cumin500G',1,NULL,'Station Rempah','Cumin Seeds Grade A 500G',0),(20019,'Fennel Seeds',NULL,'100','Condiment','Whole Spices','',1.5,1,NULL,0,0,4,'Fri Sep 11 00:30:56 IST 2020','Fennel100G',1,NULL,'Station Rempah','Fennel Seeds Grade A 100G',0),(20021,'Fennel Seeds',NULL,'300','Condiment','Whole Spices','',4.5,1,'Kuala Lumpur',0,0,4,'Fri Sep 11 00:30:56 IST 2020','Fennel300G',1,NULL,'Station Rempah','Fennel Seeds Grade A  300G',0),(20023,'Fennel Seeds',NULL,'500','Condiment','Whole Spices','',7.5,1,NULL,0,0,4,'Fri Sep 11 00:30:56 IST 2020','Fennel500G',1,NULL,'Station Rempah','Fennel Seeds Grade A  500G',0),(20025,'Star Anise',NULL,'100','Condiment','Whole Spices','',7,1,NULL,0,0,4,'Fri Sep 11 00:30:56 IST 2020','StarAnise100G',1,NULL,'Station Rempah','Star Anise Grade A 100G',0),(20027,'Star Anise',NULL,'300','Condiment','Whole Spices','',21,1,NULL,0,0,4,'Fri Sep 11 00:30:56 IST 2020','StarAnise300G',1,NULL,'Station Rempah','Star Anise Grade A 300G',0),(20029,'Star Anise',NULL,'500','Condiment','Whole Spices','',35,1,NULL,0,0,4,'Fri Sep 11 00:30:56 IST 2020','StarAnise500G',1,NULL,'Station Rempah','Star Anise Grade A 500G',0),(20031,'Coriander Seeds',NULL,'100','Condiment','Whole Spices','',1.4,0,NULL,0,0,4,'Fri Sep 11 00:30:57 IST 2020','Coriander100G',1,NULL,'Station Rempah','Coriander Seeds Grade A 100G',0),(20033,'Coriander Seeds',NULL,'300','Condiment','Whole Spices','',4.2,0,NULL,0,0,4,'Fri Sep 11 00:30:57 IST 2020','Coriander300G',1,NULL,'Station Rempah','Coriander Seeds Grade A 300G',0),(20035,'Coriander Seeds',NULL,'500','Condiment','Whole Spices','',7,0,NULL,0,0,4,'Fri Sep 11 00:30:57 IST 2020','Coriander500G',1,NULL,'Station Rempah','Coriander Seeds Grade A 500G',0),(20037,'Cloves',NULL,'100','Condiment','Whole Spices','',8,1,NULL,0,0,4,'Fri Sep 11 00:30:57 IST 2020','Cloves100G',1,NULL,'Station Rempah','Cloves Grade A 100G',0),(20039,'Cloves',NULL,'300','Condiment','Whole Spices','',24,1,NULL,0,0,4,'Fri Sep 11 00:30:57 IST 2020','Cloves300G',1,NULL,'Station Rempah','Cloves Grade A 300G',0),(20041,'Cloves',NULL,'500','Condiment','Whole Spices','',40,1,NULL,0,0,4,'Fri Sep 11 00:30:57 IST 2020','Cloves500G',1,NULL,'Station Rempah','Cloves Grade A 500G',0),(20043,'Fenugreek Seeds',NULL,'100','Condiment','Whole Spices','',1.1,1,NULL,0,0,4,'Fri Sep 11 00:30:57 IST 2020','Fenugreek100G',1,NULL,'Station Rempah','Fenugreek Seeds Grade A 100G',0),(20045,'Fenugreek Seeds',NULL,'300','Condiment','Whole Spices','',3.3,1,NULL,0,0,4,'Fri Sep 11 00:30:57 IST 2020','Fenugreek300G',1,NULL,'Station Rempah','Fenugreek Seeds Grade A 300G',0),(20047,'Fenugreek Seeds',NULL,'500','Condiment','Whole Spices','',5.5,1,NULL,0,0,4,'Fri Sep 11 00:30:57 IST 2020','Fenugreek500G',1,NULL,'Station Rempah','Fenugreek Seeds Grade A 500G',0),(20049,'Cinnamon sticks',NULL,'100','Condiment','Whole Spices','',6,1,NULL,0,0,4,'Fri Sep 11 00:30:57 IST 2020','Cinnamon100G',1,NULL,'Station Rempah','Cinnamon sticks Grade A 100G',0),(20051,'Cinnamon sticks',NULL,'300','Condiment','Whole Spices','',24,1,NULL,0,0,4,'Fri Sep 11 00:30:57 IST 2020','Cinnamon300G',1,NULL,'Station Rempah','Cinnamon sticks Grade A 300G',0),(20053,'Cinnamon sticks',NULL,'500','Condiment','Whole Spices','',30,1,NULL,0,0,4,'Fri Sep 11 00:30:57 IST 2020','Cinnamon500G',1,NULL,'Station Rempah','Cinnamon sticks Grade A 500G',0),(20055,'Blackpapper',NULL,'100','Condiment','Whole Spices','',3.2,2,NULL,0,0,4,'Fri Sep 11 00:30:58 IST 2020','Blackpapper100G',1,NULL,'Station Rempah','Blackpapper Grade A 100G',0),(20057,'Blackpapper',NULL,'300','Condiment','Whole Spices','',9.6,1,NULL,0,0,4,'Fri Sep 11 00:30:58 IST 2020','Blackpapper300G',1,NULL,'Station Rempah','Blackpapper Grade A 300G',0),(20059,'Blackpapper',NULL,'500','Condiment','Whole Spices','',16,1,NULL,0,0,4,'Fri Sep 11 00:30:58 IST 2020','Blackpapper500G',1,NULL,'Station Rempah','Blackpapper Grade A 500G',0),(20061,'Cardamom',NULL,'100','Condiment','Whole Spices','',37,1,NULL,0,0,4,'Fri Sep 11 00:33:40 IST 2020','Cardamom100G',1,NULL,'Station Rempah','Cardamom Grade A 100G',0),(20063,'Cardamom',NULL,'300','Condiment','Whole Spices','',111,1,NULL,0,0,4,'Fri Sep 11 00:33:40 IST 2020','Cardamom300G',1,NULL,'Station Rempah','Cardamom Grade A 300G',0),(20065,'Cardamom',NULL,'500','Condiment','Whole Spices','',185,1,NULL,0,0,4,'Fri Sep 11 00:33:40 IST 2020','Cardamom500G',1,NULL,'Station Rempah','Cardamom Grade A 500G',0),(20067,'Nutmeg',NULL,'100','Condiment','Whole Spices','',5.6,1,NULL,0,0,4,'Fri Sep 11 00:33:40 IST 2020','Nutmeg100G',1,NULL,'Station Rempah','Nutmeg sticks Grade A 100G',0),(20069,'Nutmeg',NULL,'300','Condiment','Whole Spices','',16.8,1,NULL,0,0,4,'Fri Sep 11 00:33:40 IST 2020','Nutmeg300G',1,NULL,'Station Rempah','Nutmeg sticks Grade A 300G',0),(20071,'Nutmeg',NULL,'500','Condiment','Whole Spices','',28,1,NULL,0,0,4,'Fri Sep 11 00:33:40 IST 2020','Nutmeg500G',1,NULL,'Station Rempah','Nutmeg sticks Grade A 500G',0),(20073,'White Pepper',NULL,'100','Condiment','Whole Spices','',6,1,NULL,0,0,4,'Fri Sep 11 00:33:40 IST 2020','WhitePepper100G',1,NULL,'Station Rempah','White Pepper Grade A 100G',0),(20075,'White Pepper',NULL,'300','Condiment','Whole Spices','',18,1,NULL,0,0,4,'Fri Sep 11 00:33:40 IST 2020','WhitePepper300G',1,NULL,'Station Rempah','White Pepper Grade A 300G',0),(20077,'White Pepper',NULL,'500','Condiment','Whole Spices','',30,1,NULL,0,0,4,'Fri Sep 11 00:33:41 IST 2020','WhitePepper500G',1,NULL,'Station Rempah','White Pepper Grade A 500G',0),(20079,'Mustard Seeds',NULL,'100','Condiment','Whole Spices','',1.1,1,NULL,0,0,4,'Fri Sep 11 00:33:41 IST 2020','Mustard100G',1,NULL,'Station Rempah','Mustard Seeds Grade A 100G',0),(20081,'Mustard Seeds',NULL,'300','Condiment','Whole Spices','',3.3,1,NULL,0,0,4,'Fri Sep 11 00:33:41 IST 2020','Mustard300G',1,NULL,'Station Rempah','Mustard Seeds Grade A 300G',0),(20083,'Mustard Seeds',NULL,'500','Condiment','Whole Spices','',5.5,1,NULL,0,0,4,'Fri Sep 11 00:33:41 IST 2020','Mustard500G',1,NULL,'Station Rempah','Mustard Seeds Grade A 500G',0),(20085,'Black Cumin',NULL,'100','Condiment','Whole Spices','',3,1,NULL,0,0,4,'Fri Sep 11 00:33:41 IST 2020','BlackCumin100G',1,NULL,'Station Rempah','Black Cumin Grade A 100G',0),(20087,'Black Cumin',NULL,'300','Condiment','Whole Spices','',9,1,NULL,0,0,4,'Fri Sep 11 00:33:41 IST 2020','BlackCumin300G',1,NULL,'Station Rempah','Black Cumin Grade A 300G',0),(20089,'Black Cumin',NULL,'500','Condiment','Whole Spices','',15,1,NULL,0,0,4,'Fri Sep 11 00:33:41 IST 2020','BlackCumin500G',1,NULL,'Station Rempah','Black Cumin Grade A 500G',0),(20091,'Gall Nuts',NULL,'100','Condiment','Whole Spices','',9.6,1,NULL,0,0,4,'Fri Sep 11 00:33:41 IST 2020','GallNuts100G',1,NULL,'Station Rempah','Gall Nuts Grade A 100G',0),(20093,'Gall Nuts',NULL,'300','Condiment','Whole Spices','',28.8,1,NULL,0,0,4,'Fri Sep 11 00:33:42 IST 2020','GallNuts300G',1,NULL,'Station Rempah','Gall Nuts Grade A 300G',0),(20095,'Gall Nuts',NULL,'500','Condiment','Whole Spices','',48,1,NULL,0,0,4,'Fri Sep 11 00:33:42 IST 2020','GallNuts500G',1,NULL,'Station Rempah','Gall Nuts Grade A 500G',0),(20097,'Candlenut',NULL,'100','Condiment','Whole Spices','',2.8,0,NULL,0,0,4,'Fri Sep 11 00:33:42 IST 2020','Candlenut100G',1,NULL,'Station Rempah','Candlenut Grade A 100G',0),(20099,'Candlenut',NULL,'300','Condiment','Whole Spices','',8.4,1,NULL,0,0,4,'Fri Sep 11 00:33:42 IST 2020','Candlenut300G',1,NULL,'Station Rempah','Candlenut Grade A 300G',0),(20101,'Candlenut',NULL,'500','Condiment','Whole Spices','',14,1,NULL,0,0,4,'Fri Sep 11 00:33:42 IST 2020','Candlenut500G',1,NULL,'Station Rempah','Candlenut Grade A 500G',0),(20103,'Poppy Seeds',NULL,'100','Condiment','Whole Spices','',2.8,1,'Kuala Lumpur',0,0,4,'Fri Sep 11 00:33:42 IST 2020','PoppySeeds100G',1,NULL,'Station Rempah','Poppy Seeds Grade A 100G',0),(20105,'Poppy Seeds',NULL,'300','Condiment','Whole Spices','',8.4,1,'Kuala Lumpur',0,0,4,'Fri Sep 11 00:33:42 IST 2020','PoppySeeds300G',1,NULL,'Station Rempah','Poppy Seeds Grade A 300G',0),(20107,'Poppy Seeds',NULL,'500','Condiment','Whole Spices','',14,1,'Kuala Lumpur',0,0,4,'Fri Sep 11 00:33:42 IST 2020','PoppySeeds500G',1,NULL,'Station Rempah','Poppy Seeds Grade A 500G',0);
/*!40000 ALTER TABLE `product` ENABLE KEYS */;
UNLOCK TABLES;

--
-- Table structure for table `sub_category`
--

DROP TABLE IF EXISTS `sub_category`;
/*!40101 SET @saved_cs_client     = @@character_set_client */;
/*!50503 SET character_set_client = utf8mb4 */;
CREATE TABLE `sub_category` (
  `ID` int NOT NULL AUTO_INCREMENT,
  `SUB_CATEGORY` varchar(45) NOT NULL,
  `MAIN_CATEGORY_ID` int NOT NULL,
  PRIMARY KEY (`ID`)
) ENGINE=InnoDB AUTO_INCREMENT=3 DEFAULT CHARSET=utf8mb4 COLLATE=utf8mb4_0900_ai_ci;
/*!40101 SET character_set_client = @saved_cs_client */;

--
-- Dumping data for table `sub_category`
--

LOCK TABLES `sub_category` WRITE;
/*!40000 ALTER TABLE `sub_category` DISABLE KEYS */;
INSERT INTO `sub_category` VALUES (1,'Dried Seafood',1),(2,'Whole Spices',2);
/*!40000 ALTER TABLE `sub_category` ENABLE KEYS */;
UNLOCK TABLES;

--
-- Table structure for table `user`
--

DROP TABLE IF EXISTS `user`;
/*!40101 SET @saved_cs_client     = @@character_set_client */;
/*!50503 SET character_set_client = utf8mb4 */;
CREATE TABLE `user` (
  `ID` int NOT NULL AUTO_INCREMENT,
  `USER_NAME` varchar(45) DEFAULT NULL,
  `FIRST_NAME` varchar(45) DEFAULT NULL,
  `LAST_NAME` varchar(45) DEFAULT NULL,
  `EMAIL` varchar(100) DEFAULT NULL,
  `PASSWORD` varchar(100) NOT NULL,
  `PHONE_NUMBER` varchar(12) DEFAULT NULL,
  `ZIP_CODE` varchar(6) DEFAULT NULL,
  `CREATED_DATE` date DEFAULT NULL,
  `ROLE_ID` int DEFAULT NULL,
  `LOCATION` varchar(100) DEFAULT NULL,
  `PRODUCT_IMAGE` varchar(100) DEFAULT NULL,
  PRIMARY KEY (`ID`)
) ENGINE=InnoDB AUTO_INCREMENT=7 DEFAULT CHARSET=utf8mb4 COLLATE=utf8mb4_0900_ai_ci;
/*!40101 SET character_set_client = @saved_cs_client */;

--
-- Dumping data for table `user`
--

LOCK TABLES `user` WRITE;
/*!40000 ALTER TABLE `user` DISABLE KEYS */;
INSERT INTO `user` VALUES (1,'kumar','Kumar','K','kumar@gail.com','Y6yrI1lmfikl3Ndm920esw==','98762382',NULL,NULL,2,NULL,NULL),(2,'Lax J','Lax','J','lax@gmail.com','Y6yrI1lmfikl3Ndm920esw==','98732488',NULL,NULL,2,'Melaka',NULL),(3,'Mukesh J','Mukesh','J','mukesh@gmail.com','r1HZqQkcIH3Ty0bh5RqdjA==',NULL,NULL,NULL,2,'George Town',NULL),(4,'Ashok Kumar','Ashok','Kumar','ashok@gmail.com','r1HZqQkcIH3Ty0bh5RqdjA==','983892388',NULL,NULL,1,'Kuala Lumpur',NULL),(5,'Lakshmanan J','Lakshmanan','J','lakshmanan@gmail.com','Y6yrI1lmfikl3Ndm920esw==','9500544899',NULL,NULL,2,'Kuala Lumpur',NULL),(6,'Raman R','Raman','R','raman@gmail.com','r1HZqQkcIH3Ty0bh5RqdjA==','873487899','79000',NULL,2,'79000',NULL);
/*!40000 ALTER TABLE `user` ENABLE KEYS */;
UNLOCK TABLES;

--
-- Table structure for table `vendor`
--

DROP TABLE IF EXISTS `vendor`;
/*!40101 SET @saved_cs_client     = @@character_set_client */;
/*!50503 SET character_set_client = utf8mb4 */;
CREATE TABLE `vendor` (
  `ID` int NOT NULL AUTO_INCREMENT,
  `VENDOR_NAME` varchar(45) NOT NULL,
  `LOCATION` varchar(45) NOT NULL,
  PRIMARY KEY (`ID`)
) ENGINE=InnoDB AUTO_INCREMENT=2 DEFAULT CHARSET=utf8mb4 COLLATE=utf8mb4_0900_ai_ci;
/*!40101 SET character_set_client = @saved_cs_client */;

--
-- Dumping data for table `vendor`
--

LOCK TABLES `vendor` WRITE;
/*!40000 ALTER TABLE `vendor` DISABLE KEYS */;
INSERT INTO `vendor` VALUES (1,'GURU','79001');
/*!40000 ALTER TABLE `vendor` ENABLE KEYS */;
UNLOCK TABLES;
/*!40103 SET TIME_ZONE=@OLD_TIME_ZONE */;

/*!40101 SET SQL_MODE=@OLD_SQL_MODE */;
/*!40014 SET FOREIGN_KEY_CHECKS=@OLD_FOREIGN_KEY_CHECKS */;
/*!40014 SET UNIQUE_CHECKS=@OLD_UNIQUE_CHECKS */;
/*!40101 SET CHARACTER_SET_CLIENT=@OLD_CHARACTER_SET_CLIENT */;
/*!40101 SET CHARACTER_SET_RESULTS=@OLD_CHARACTER_SET_RESULTS */;
/*!40101 SET COLLATION_CONNECTION=@OLD_COLLATION_CONNECTION */;
/*!40111 SET SQL_NOTES=@OLD_SQL_NOTES */;

-- Dump completed on 2020-11-06  1:00:41
